,title,price,area_in_sqft,location
0,"121 Sq. Yards Open Plots for Sale  in Manneguda, Hyderabad","<span class=""pro-rice"">₹ 6.05 Lac</span>",1089 sq.ft (121 Sq. Yards),Freehold
1,"146.6 Sq. Yards Land  in Keshampet, Hyderabad","<span class=""pro-rice"">₹ 9 Lac</span>",1319 sq.ft (146.6 Sq. Yards),Freehold
2,"150 Sq. Yards Land for Sale  in Shadnagar, Hyderabad","<span class=""pro-rice"">₹ 6.75 Lac</span>",1350 sq.ft (150 Sq. Yards),Freehold
3,"1 BHK 242 Sq. Yards Farm House for Sale in Patancheru, Hyderabad","<span class=""pro-rice"">₹ 7.50 Lac</span>",2178 sq.ft (242 Sq. Yards),Freehold
4,"121 Sq. Yards Lands for Sale  in Yadagirigutta, Hyderabad","<span class=""pro-rice"">₹ 5.44 Lac</span>",1089 sq.ft (121 Sq. Yards),Freehold
5,"121 Sq. Yards Land for Sale  in Shadnagar, Hyderabad","<span class=""pro-rice"">₹ 8.47 Lac</span>",1089 sq.ft (121 Sq. Yards),"Shadnagar, Hyderabad"
6,"120 Sq. Yards Plot  in Aleru, Hyderabad","<span class=""pro-rice"">Call for Price</span>",1080 sq.ft (120 Sq. Yards),"Aleru, Hyderabad"
7,"147 Sq.ft. Land  in Saidabad, Hyderabad","<span class=""pro-rice"">₹ 9.56 Lac</span>",147 sq.ft,Freehold
8,"605 Sq. Yards Land  in S D Road, Hyderabad","<span class=""pro-rice"">₹ 5 Lac</span>",5445 sq.ft (605 Sq. Yards),"S D Road, Hyderabad"
9,"150 Sq. Yards Lands for Sale  in Yadagirigutta, Hyderabad","<span class=""pro-rice"">₹ 8 Lac</span>",1350 sq.ft (150 Sq. Yards),Freehold
10,"100 Sq. Yards Lands  in Shadnagar, Hyderabad","<span class=""pro-rice"">Call for Price</span>",900 sq.ft (100 Sq. Yards),"Shadnagar, Hyderabad"
11," 87 Sq. Yards Residential Land / Plots for Sale in Kothur, Hyderabad","<span class=""pro-rice"">₹ 6.09 Lac</span>",783 sq.ft (87 Sq. Yards),Freehold
12,"151.5 Sq. Yards Plot  in Madhapur, Hyderabad","<span class=""pro-rice"">₹ 10 Lac</span>",1363 sq.ft (151.5 Sq. Yards),Freehold
13,"120 Sq. Yards Residential Plots  in Yadagirigutta, Hyderabad","<span class=""pro-rice"">₹ 9.60 Lac</span>",1080 sq.ft (120 Sq. Yards),Freehold
14,"151 Sq. Yards Plots for Sale  in Madhapur, Hyderabad","<span class=""pro-rice"">₹ 10 Lac</span>",1359 sq.ft (151 Sq. Yards),"Madhapur, Hyderabad"
15,"1 BHK 350 Sq.ft. Builder Floor for Sale in Pragathi Nagar, Hyderabad","<span class=""pro-rice"">₹ 9 Lac</span>",350 sq.ft,1
16,"160 Sq. Yards Plots for Sale  in Shadnagar, Hyderabad","<span class=""pro-rice"">₹ 10 Lac</span>",1440 sq.ft (160 Sq. Yards),"Shadnagar, Hyderabad"
17,"1 RK 139 Sq. Yards Farm House for Sale in Toli Chowki, Hyderabad","<span class=""pro-rice"">₹ 9 Lac</span>",1251 sq.ft (139 Sq. Yards),"Toli Chowki, Hyderabad"
18,120 Sq. Yards Open Plots for Sale  in Hyderabad,"<span class=""pro-rice"">₹ 6 Lac</span>",1080 sq.ft (120 Sq. Yards),"Pochannapet, Hyderabad, Hyderabad"
19,"100 Sq. Yards Land  in Chotuppal, Hyderabad","<span class=""pro-rice"">₹ 6.50 Lac</span>",900 sq.ft (100 Sq. Yards),"Chotuppal, Hyderabad"
20,"121 Sq. Yards Plot  in Miyapur, Hyderabad","<span class=""pro-rice"">₹ 5 Lac</span>",1089 sq.ft (121 Sq. Yards),"Miyapur, Hyderabad"
21,"180 Sq. Yards Lands  in Kongarkalan, Hyderabad","<span class=""pro-rice"">₹ 5.04 Lac</span>",1620 sq.ft (180 Sq. Yards),Freehold
22,"200 Sq. Yards Plots  in Vijayawada Highway, Hyderabad","<span class=""pro-rice"">₹ 5 Lac</span>",1800 sq.ft (200 Sq. Yards),"Vijayawada Highway, Hyderabad"
23,"146.6 Sq. Yards Lands for Sale  in Kadthal, Hyderabad","<span class=""pro-rice"">₹ 9.53 Lac</span>",1319 sq.ft (146.6 Sq. Yards),"Kadthal, Hyderabad"
24,"167 Sq. Yards Lands for Sale  in Bibi Nagar, Hyderabad","<span class=""pro-rice"">₹ 7.52 Lac</span>",1503 sq.ft (167 Sq. Yards),Freehold
25,"133 Sq. Yards Open Plots for Sale  in Shadnagar, Hyderabad","<span class=""pro-rice"">₹ 6.50 Lac</span>",1197 sq.ft (133 Sq. Yards),"Shadnagar, Hyderabad"
26,"147 Sq. Yards Land for Sale  in Kadthal, Hyderabad","<span class=""pro-rice"">Call for Price</span>",1323 sq.ft (147 Sq. Yards),"Kadthal, Hyderabad"
27,"1810 Sq.ft. Land  in Gandi Maisamma, Hyderabad","<span class=""pro-rice"">₹ 9 Lac</span>",1810 sq.ft,"Gandi Maisamma, Hyderabad"
28,"165 Sq. Yards Plot for Sale  in Amangal, Hyderabad","<span class=""pro-rice"">₹ 10 Lac</span>",1485 sq.ft (165 Sq. Yards),"Amangal, Hyderabad"
29,"150 Sq. Yards Residential Plots for Sale  in Kukatpally, Hyderabad","<span class=""pro-rice"">₹ 9 Lac</span>",1350 sq.ft (150 Sq. Yards),"Kukatpally, Hyderabad"
30,"3 BHK 1730 Sq.ft. Flats / Apartments for Sale in Kompally, Hyderabad","<span class=""pro-rice"">₹ 8 Lac</span>",1730 sq.ft,2
31,"121 Sq. Yards Residential Plots for Sale  in Yadagirigutta, Hyderabad","<span class=""pro-rice"">₹ 5.45 Lac</span>",1089 sq.ft (121 Sq. Yards),Freehold
32,"121 Sq. Yards Land  in Habsiguda, Hyderabad","<span class=""pro-rice"">₹ 9.92 Lac</span>",1089 sq.ft (121 Sq. Yards),"Habsiguda, Hyderabad"
33,"1 BHK 121 Sq. Yards Farm House for Sale in Shadnagar, Hyderabad","<span class=""pro-rice"">₹ 8.47 Lac</span>",1089 sq.ft (121 Sq. Yards),"Shadnagar, Hyderabad"
34,"121 Sq. Yards Lands for Sale  in Aleru, Hyderabad","<span class=""pro-rice"">Call for Price</span>",1089 sq.ft (121 Sq. Yards),"Aleru, Hyderabad"
35,"1 BHK 121 Sq. Yards Flats / Apartments for Sale in Dundigal, Hyderabad","<span class=""pro-rice"">Call for Price</span>",1089 sq.ft (121 Sq. Yards),"Dundigal, Hyderabad"
36,"6400 Sq. Yards Land for Sale  in Keshampet, Hyderabad","<span class=""pro-rice"">Call for Price</span>",57600 sq.ft (6400 Sq. Yards),"Keshampet, Hyderabad"
37,"125.4 Sq. Yards Land for Sale  in Aleru, Hyderabad","<span class=""pro-rice"">Call for Price</span>",1128 sq.ft (125.4 Sq. Yards),"Aleru, Hyderabad"
38,"2 BHK 1150 Sq.ft. Independent House  for Sale in Ankireddypalli, Hyderabad","<span class=""pro-rice"">Call for Price</span>",1150 sq.ft,3
39,"150 Sq. Yards Plot for Sale  in Aleru, Hyderabad","<span class=""pro-rice"">Call for Price</span>",1350 sq.ft (150 Sq. Yards),"Aleru, Hyderabad"
40,"121 Sq. Yards Plot  in Miyapur, Hyderabad","<span class=""pro-rice"">₹ 5 Lac</span>",1089 sq.ft (121 Sq. Yards),"Miyapur, Hyderabad"
41,"180 Sq. Yards Lands  in Kongarkalan, Hyderabad","<span class=""pro-rice"">₹ 5.04 Lac</span>",1620 sq.ft (180 Sq. Yards),Freehold
42,"200 Sq. Yards Plots  in Vijayawada Highway, Hyderabad","<span class=""pro-rice"">₹ 5 Lac</span>",1800 sq.ft (200 Sq. Yards),"Vijayawada Highway, Hyderabad"
43,"146.6 Sq. Yards Lands for Sale  in Kadthal, Hyderabad","<span class=""pro-rice"">₹ 9.53 Lac</span>",1319 sq.ft (146.6 Sq. Yards),"Kadthal, Hyderabad"
44,"167 Sq. Yards Lands for Sale  in Bibi Nagar, Hyderabad","<span class=""pro-rice"">₹ 7.52 Lac</span>",1503 sq.ft (167 Sq. Yards),Freehold
45,"133 Sq. Yards Open Plots for Sale  in Shadnagar, Hyderabad","<span class=""pro-rice"">₹ 6.50 Lac</span>",1197 sq.ft (133 Sq. Yards),"Shadnagar, Hyderabad"
46,"147 Sq. Yards Land for Sale  in Kadthal, Hyderabad","<span class=""pro-rice"">Call for Price</span>",1323 sq.ft (147 Sq. Yards),"Kadthal, Hyderabad"
47,"1810 Sq.ft. Land  in Gandi Maisamma, Hyderabad","<span class=""pro-rice"">₹ 9 Lac</span>",1810 sq.ft,"Gandi Maisamma, Hyderabad"
48,"165 Sq. Yards Plot for Sale  in Amangal, Hyderabad","<span class=""pro-rice"">₹ 10 Lac</span>",1485 sq.ft (165 Sq. Yards),"Amangal, Hyderabad"
49,"150 Sq. Yards Residential Plots for Sale  in Kukatpally, Hyderabad","<span class=""pro-rice"">₹ 9 Lac</span>",1350 sq.ft (150 Sq. Yards),"Kukatpally, Hyderabad"
50,"3 BHK 1730 Sq.ft. Flats / Apartments for Sale in Kompally, Hyderabad","<span class=""pro-rice"">₹ 8 Lac</span>",1730 sq.ft,2
51,"121 Sq. Yards Residential Plots for Sale  in Yadagirigutta, Hyderabad","<span class=""pro-rice"">₹ 5.45 Lac</span>",1089 sq.ft (121 Sq. Yards),Freehold
52,"121 Sq. Yards Land  in Habsiguda, Hyderabad","<span class=""pro-rice"">₹ 9.92 Lac</span>",1089 sq.ft (121 Sq. Yards),"Habsiguda, Hyderabad"
53,"1 BHK 121 Sq. Yards Farm House for Sale in Shadnagar, Hyderabad","<span class=""pro-rice"">₹ 8.47 Lac</span>",1089 sq.ft (121 Sq. Yards),"Shadnagar, Hyderabad"
54,"121 Sq. Yards Lands for Sale  in Aleru, Hyderabad","<span class=""pro-rice"">Call for Price</span>",1089 sq.ft (121 Sq. Yards),"Aleru, Hyderabad"
55,"1 BHK 121 Sq. Yards Flats / Apartments for Sale in Dundigal, Hyderabad","<span class=""pro-rice"">Call for Price</span>",1089 sq.ft (121 Sq. Yards),"Dundigal, Hyderabad"
56,"6400 Sq. Yards Land for Sale  in Keshampet, Hyderabad","<span class=""pro-rice"">Call for Price</span>",57600 sq.ft (6400 Sq. Yards),"Keshampet, Hyderabad"
57,"125.4 Sq. Yards Land for Sale  in Aleru, Hyderabad","<span class=""pro-rice"">Call for Price</span>",1128 sq.ft (125.4 Sq. Yards),"Aleru, Hyderabad"
58,"2 BHK 1150 Sq.ft. Independent House  for Sale in Ankireddypalli, Hyderabad","<span class=""pro-rice"">Call for Price</span>",1150 sq.ft,3
59,"150 Sq. Yards Plot for Sale  in Aleru, Hyderabad","<span class=""pro-rice"">Call for Price</span>",1350 sq.ft (150 Sq. Yards),"Aleru, Hyderabad"
60,"167 Sq. Yards Plots  in Bibi Nagar, Hyderabad","<span class=""pro-rice"">Call for Price</span>",1503 sq.ft (167 Sq. Yards),"Bibi Nagar, Hyderabad"
61,"1 RK 1210 Sq.ft. Farm House for Sale in Mohan Reddy Nagar, Hyderabad","<span class=""pro-rice"">Call for Price</span>",1210 sq.ft,1
62,"120 Sq. Yards Plot  in Aleru, Hyderabad","<span class=""pro-rice"">Call for Price</span>",1080 sq.ft (120 Sq. Yards),"Aleru, Hyderabad"
63,"166 Sq. Yards Lands  in Shadnagar, Hyderabad","<span class=""pro-rice"">Call for Price</span>",1494 sq.ft (166 Sq. Yards),"Shadnagar, Hyderabad"
64,"760 Sq. Yards Lands for Sale  in Peerzadiguda, Hyderabad","<span class=""pro-rice"">Call for Price</span>",6840 sq.ft (760 Sq. Yards),"Peerzadiguda, Hyderabad"
65,"120 Sq. Yards Plot  in Aleru, Hyderabad","<span class=""pro-rice"">Call for Price</span>",1080 sq.ft (120 Sq. Yards),"Aleru, Hyderabad"
66,"200 Sq.ft. Residential Plots  in Bibi Nagar, Hyderabad","<span class=""pro-rice"">Call for Price</span>",200 sq.ft,"Bibi Nagar, Hyderabad"
67,"2000 Sq.ft. Residential Plots for Sale  in Patancheru, Hyderabad","<span class=""pro-rice"">Call for Price</span>",2000 sq.ft,"Patancheru, Hyderabad"
68,"200 Sq. Yards Plots for Sale  in Khajaguda, Hyderabad","<span class=""pro-rice"">Call for Price</span>",1800 sq.ft (200 Sq. Yards),"Khajaguda, Hyderabad"
69,"217800 Sq.ft. Residential Plots for Sale  in Srisailam Highway, Hyderabad","<span class=""pro-rice"">Call for Price</span>",217800 sq.ft,"Srisailam Highway, Hyderabad"
70,"2 BHK 1037 Sq.ft. Independent House  for Sale in Bandlaguda, Hyderabad","<span class=""pro-rice"">Call for Price</span>",1037 sq.ft,2
71,"146 Sq. Yards Land for Sale  in Yadagirigutta, Hyderabad","<span class=""pro-rice"">Call for Price</span>",1314 sq.ft (146 Sq. Yards),"Yadagirigutta, Hyderabad"
72,"150 Sq. Yards Plots  in Sagar Highway, Hyderabad","<span class=""pro-rice"">Call for Price</span>",1350 sq.ft (150 Sq. Yards),"Sagar Highway, Hyderabad"
73,"100 Sq. Yards Residential Plots for Sale  in Shamshabad, Hyderabad","<span class=""pro-rice"">Call for Price</span>",900 sq.ft (100 Sq. Yards),Freehold
74,"10896 Sq.ft. Open Plots for Sale  in Sri Sailam Highway, Hyderabad","<span class=""pro-rice"">Call for Price</span>",10896 sq.ft,"Sri Sailam Highway, Hyderabad"
75,"900 Sq.ft. Plot for Sale  in Shamshabad, Hyderabad","<span class=""pro-rice"">Call for Price</span>",900 sq.ft,Freehold
76,"121 Sq. Yards Lands for Sale  in Bangalore Highway, Hyderabad","<span class=""pro-rice"">Call for Price</span>",1089 sq.ft (121 Sq. Yards),"Bangalore Highway, Hyderabad"
77,"150 Sq. Yards Residential Plots  in Rajapur, Hyderabad","<span class=""pro-rice"">Call for Price</span>",1350 sq.ft (150 Sq. Yards),Freehold
78,"100 Sq. Yards Open Plots for Sale  in Shamshabad, Hyderabad","<span class=""pro-rice"">Call for Price</span>",900 sq.ft (100 Sq. Yards),Freehold
79,"100 Sq. Yards Residential Plots for Sale  in Shamshabad, Hyderabad","<span class=""pro-rice"">Call for Price</span>",900 sq.ft (100 Sq. Yards),"Shamshabad, Hyderabad"
80,"147 Sq. Yards Open Plots for Sale  in Shadnagar, Hyderabad","<span class=""pro-rice"">Call for Price</span>",1323 sq.ft (147 Sq. Yards),"Shadnagar, Hyderabad"
81,"1079 Sq.ft. Lands for Sale  in Yadagirigutta, Hyderabad","<span class=""pro-rice"">Call for Price</span>",1079 sq.ft,"Yadagirigutta, Hyderabad"
82,"121 Sq. Yards Land for Sale  in Yadagirigutta, Hyderabad","<span class=""pro-rice"">Call for Price</span>",1089 sq.ft (121 Sq. Yards),"Yadagirigutta, Hyderabad"
83,"130 Sq. Yards Plot for Sale  in Aleru, Hyderabad","<span class=""pro-rice"">Call for Price</span>",1170 sq.ft (130 Sq. Yards),"Aleru, Hyderabad"
84,"1089 Sq.ft. Lands for Sale  in Chotuppal, Hyderabad","<span class=""pro-rice"">Call for Price</span>",1089 sq.ft,Freehold
85,"500 Sq. Yards Plots for Sale  in Moinabad, Hyderabad","<span class=""pro-rice"">Call for Price</span>",4500 sq.ft (500 Sq. Yards),"Moinabad, Hyderabad"
86,"121 Sq. Yards Lands for Sale  in Yadagirigutta, Hyderabad","<span class=""pro-rice"">Call for Price</span>",1089 sq.ft (121 Sq. Yards),"Yadagirigutta, Hyderabad"
87,"150 Sq. Yards Plots  in Aleru, Hyderabad","<span class=""pro-rice"">Call for Price</span>",1350 sq.ft (150 Sq. Yards),"Aleru, Hyderabad"
88,"100 Sq. Yards Lands for Sale  in Shadnagar, Hyderabad","<span class=""pro-rice"">Call for Price</span>",900 sq.ft (100 Sq. Yards),"Shadnagar, Hyderabad"
89,"125 Sq. Yards Plot for Sale  in Yadagirigutta, Hyderabad","<span class=""pro-rice"">Call for Price</span>",1125 sq.ft (125 Sq. Yards),Freehold
90,"3 BHK 1600 Sq.ft. Flats / Apartments for Sale in Mokila, Hyderabad","<span class=""pro-rice"">Call for Price</span>",1600 sq.ft,3
91,"121 Sq. Yards Lands for Sale  in Yadagirigutta, Hyderabad","<span class=""pro-rice"">Call for Price</span>",1089 sq.ft (121 Sq. Yards),"Yadagirigutta, Hyderabad"
92,"121 Sq. Yards Lands for Sale  in Yadagirigutta, Hyderabad","<span class=""pro-rice"">Call for Price</span>",1089 sq.ft (121 Sq. Yards),"Yadagirigutta, Hyderabad"
93,"121 Sq. Yards Open Plots for Sale  in Yadagirigutta, Hyderabad","<span class=""pro-rice"">Call for Price</span>",1089 sq.ft (121 Sq. Yards),"Yadagirigutta, Hyderabad"
94,"146.6 Sq. Yards Land for Sale  in Shadnagar, Hyderabad","<span class=""pro-rice"">Call for Price</span>",1319 sq.ft (146.6 Sq. Yards),"Shadnagar, Hyderabad"
95,"150 Sq. Yards Residential Plots for Sale  in Bhongir, Hyderabad","<span class=""pro-rice"">Call for Price</span>",1350 sq.ft (150 Sq. Yards),"Bhongir, Hyderabad"
96,"121 Sq. Yards Lands for Sale  in Yadagirigutta, Hyderabad","<span class=""pro-rice"">Call for Price</span>",1089 sq.ft (121 Sq. Yards),"Yadagirigutta, Hyderabad"
97,"150 Sq. Yards Residential Plots for Sale  in Shadnagar, Hyderabad","<span class=""pro-rice"">Call for Price</span>",1350 sq.ft (150 Sq. Yards),"Shadnagar, Hyderabad"
98,"100 Sq. Yards Lands  in Yadagirigutta, Hyderabad","<span class=""pro-rice"">Call for Price</span>",900 sq.ft (100 Sq. Yards),"Yadagirigutta, Hyderabad"
99,"121 Sq. Yards Lands  in Yadagirigutta, Hyderabad","<span class=""pro-rice"">Call for Price</span>",1089 sq.ft (121 Sq. Yards),"Yadagirigutta, Hyderabad"
100,"200 Sq. Yards Plots  in Yacharam Mandal, Hyderabad","<span class=""pro-rice"">Call for Price</span>",1800 sq.ft (200 Sq. Yards),"Yacharam Mandal, Hyderabad"
101,"1350 Sq.ft. Open Plots for Sale  in Yadagirigutta, Hyderabad","<span class=""pro-rice"">Call for Price</span>",1350 sq.ft,"Yadagirigutta, Hyderabad"
102,"200 Sq. Yards Plots for Sale  in Bhongir, Hyderabad","<span class=""pro-rice"">Call for Price</span>",1800 sq.ft (200 Sq. Yards),"Bhongir, Hyderabad"
103,"165 Sq. Yards Lands for Sale  in Patancheru, Hyderabad","<span class=""pro-rice"">Call for Price</span>",1485 sq.ft (165 Sq. Yards),"Patancheru, Hyderabad"
104,"121 Sq. Yards Land for Sale  in Ramoji Film City, Hyderabad","<span class=""pro-rice"">Call for Price</span>",1089 sq.ft (121 Sq. Yards),"Ramoji Film City, Hyderabad"
105,"200 Sq. Yards Land  in Yacharam Mandal, Hyderabad","<span class=""pro-rice"">Call for Price</span>",1800 sq.ft (200 Sq. Yards),"Yacharam Mandal, Hyderabad"
106,"100 Sq. Yards Plots for Sale  in Shadnagar, Hyderabad","<span class=""pro-rice"">Call for Price</span>",900 sq.ft (100 Sq. Yards),Freehold
107,"200 Sq. Yards Residential Plots for Sale  in Kadthal, Hyderabad","<span class=""pro-rice"">Call for Price</span>",1800 sq.ft (200 Sq. Yards),"Kadthal, Hyderabad"
108,"150 Sq. Yards Open Plots for Sale  in Nizampet, Hyderabad","<span class=""pro-rice"">Call for Price</span>",1350 sq.ft (150 Sq. Yards),"Nizampet, Hyderabad"
109," 120 Sq. Yards Farm House for Sale in Warangal Highway, Hyderabad","<span class=""pro-rice"">Call for Price</span>",1080 sq.ft (120 Sq. Yards),"Warangal Highway, Hyderabad"
110,"150 Sq. Yards Open Plots for Sale  in Shadnagar, Hyderabad","<span class=""pro-rice"">Call for Price</span>",1350 sq.ft (150 Sq. Yards),"Shadnagar, Hyderabad"
111,"2 BHK 850 Sq.ft. Independent House  for Sale in Bandlaguda, Hyderabad","<span class=""pro-rice"">Call for Price</span>",850 sq.ft,Freehold
112,"170 Sq. Yards Plots  in Shadnagar, Hyderabad","<span class=""pro-rice"">Call for Price</span>",1530 sq.ft (170 Sq. Yards),"Shadnagar, Hyderabad"
113,"10500 Sq. Yards Open Plots for Sale  in Shadnagar, Hyderabad","<span class=""pro-rice"">Call for Price</span>",94500 sq.ft (10500 Sq. Yards),"Shadnagar, Hyderabad"
114,"3 BHK 1450 Sq.ft. Flats / Apartments for Sale in Pragathi Nagar, Hyderabad","<span class=""pro-rice"">Call for Price</span>",1450 sq.ft,2
115,"147 Sq. Yards Residential Plots for Sale  in Amangal, Hyderabad","<span class=""pro-rice"">Call for Price</span>",1323 sq.ft (147 Sq. Yards),Freehold
116,"147 Sq. Yards Plot for Sale  in Srisailam Highway, Hyderabad","<span class=""pro-rice"">Call for Price</span>",1323 sq.ft (147 Sq. Yards),Freehold
117,"200 Sq. Yards Land for Sale  in Amangal, Hyderabad","<span class=""pro-rice"">Call for Price</span>",1800 sq.ft (200 Sq. Yards),Freehold
118,"120 Sq. Yards Land for Sale  in Yadagirigutta, Hyderabad","<span class=""pro-rice"">Call for Price</span>",1080 sq.ft (120 Sq. Yards),"Yadagirigutta, Hyderabad"
119,"120 Sq. Yards Open Plots for Sale  in Aleru, Hyderabad","<span class=""pro-rice"">Call for Price</span>",1080 sq.ft (120 Sq. Yards),"Aleru, Hyderabad"
120,"111 Sq. Yards Plot for Sale  in Shadnagar, Hyderabad","<span class=""pro-rice"">Call for Price</span>",999 sq.ft (111 Sq. Yards),"Shadnagar, Hyderabad"
121,"100 Sq.ft. Residential Plots for Sale  in Hafeezpet, Hyderabad","<span class=""pro-rice"">Call for Price</span>",100 sq.ft,"Hafeezpet, Hyderabad"
122,"1998 Sq.ft. Plots for Sale  in Amangal, Hyderabad","<span class=""pro-rice"">Call for Price</span>",1998 sq.ft,"Amangal, Hyderabad"
123,"146 Sq. Yards Land  in Balanagar, Hyderabad","<span class=""pro-rice"">Call for Price</span>",1314 sq.ft (146 Sq. Yards),"Balanagar, Hyderabad"
124,"150 Sq. Yards Lands for Sale  in Yadagirigutta, Hyderabad","<span class=""pro-rice"">Call for Price</span>",1350 sq.ft (150 Sq. Yards),"Yadagirigutta, Hyderabad"
125,"146.66 Sq. Yards Residential Plots for Sale  in Shadnagar, Hyderabad","<span class=""pro-rice"">Call for Price</span>",1319 sq.ft (146.66 Sq. Yards),"Shadnagar, Hyderabad"
126,"400 Sq.ft. Residential Plots for Sale  in Mahabubnagar, Hyderabad","<span class=""pro-rice"">Call for Price</span>",400 sq.ft,"Mahabubnagar, Hyderabad"
127,"150 Sq. Yards Plots  in Yadagirigutta, Hyderabad","<span class=""pro-rice"">Call for Price</span>",1350 sq.ft (150 Sq. Yards),"Yadagirigutta, Hyderabad"
128,"100 Sq. Yards Plot  in Yadagirigutta, Hyderabad","<span class=""pro-rice"">Call for Price</span>",900 sq.ft (100 Sq. Yards),"Yadagirigutta, Hyderabad"
129,"183 Sq. Yards Residential Plots  in Shadnagar, Hyderabad","<span class=""pro-rice"">Call for Price</span>",1647 sq.ft (183 Sq. Yards),"Shadnagar, Hyderabad"
130,"1 RK 72 Sq. Yards Farm House for Sale in JP Darga, Kothur, Hyderabad","<span class=""pro-rice"">Call for Price</span>",648 sq.ft (72 Sq. Yards),"JP Darga, Kothur, Hyderabad"
131,"100 Sq. Yards Residential Plots for Sale  in Shadnagar, Hyderabad","<span class=""pro-rice"">Call for Price</span>",900 sq.ft (100 Sq. Yards),"Shadnagar, Hyderabad"
132,"120 Sq. Yards Plot for Sale  in Yadagirigutta, Hyderabad","<span class=""pro-rice"">Call for Price</span>",1080 sq.ft (120 Sq. Yards),"Yadagirigutta, Hyderabad"
133,"146.6 Sq. Yards Land for Sale  in Shadnagar, Hyderabad","<span class=""pro-rice"">Call for Price</span>",1319 sq.ft (146.6 Sq. Yards),Freehold
134,"121 Sq. Yards Plot for Sale  in Yadagirigutta, Hyderabad","<span class=""pro-rice"">Call for Price</span>",1089 sq.ft (121 Sq. Yards),"Yadagirigutta, Hyderabad"
135,"2 BHK 905 Sq.ft. Flats / Apartments for Sale in Shamshabad, Hyderabad","<span class=""pro-rice"">Call for Price</span>",905 sq.ft,2
136,"121 Sq. Yards Lands for Sale  in Kandukuru, Hyderabad","<span class=""pro-rice"">Call for Price</span>",1089 sq.ft (121 Sq. Yards),"Kandukuru, Hyderabad"
137,"200 Sq. Yards Plot  in Kadthal, Hyderabad","<span class=""pro-rice"">Call for Price</span>",1800 sq.ft (200 Sq. Yards),"Kadthal, Hyderabad"
138,"1 RK 146 Sq.ft. Flats / Apartments for Sale in Sharadha Nagar, Hyderabad","<span class=""pro-rice"">Call for Price</span>",146 sq.ft,"Sharadha Nagar, Hyderabad"
139,"165 Sq. Yards Residential Plots for Sale  in Ibrahimpatnam, Hyderabad","<span class=""pro-rice"">Call for Price</span>",1485 sq.ft (165 Sq. Yards),"Ibrahimpatnam, Hyderabad"
140,"156 Sq. Yards Residential Plots for Sale  in Amangal, Hyderabad","<span class=""pro-rice"">Call for Price</span>",1404 sq.ft (156 Sq. Yards),Freehold
141,"200 Sq. Yards Land for Sale  in Aleru, Hyderabad","<span class=""pro-rice"">Call for Price</span>",1800 sq.ft (200 Sq. Yards),Freehold
142,"147 Sq. Yards Open Plots for Sale  in Keshampet, Hyderabad","<span class=""pro-rice"">Call for Price</span>",1323 sq.ft (147 Sq. Yards),"Keshampet, Hyderabad"
143,"147 Sq.ft. Land for Sale  in Shadnagar, Hyderabad","<span class=""pro-rice"">Call for Price</span>",147 sq.ft,"Shadnagar, Hyderabad"
144,"146 Sq. Yards Plot  in Shadnagar, Hyderabad","<span class=""pro-rice"">Call for Price</span>",1314 sq.ft (146 Sq. Yards),"Shadnagar, Hyderabad"
145,"909 Sq.ft. Plot  in JP Darga, Kothur, Hyderabad","<span class=""pro-rice"">Call for Price</span>",909 sq.ft,"JP Darga, Kothur, Hyderabad"
146,"147 Sq. Yards Plot for Sale  in Sharadha Nagar, Hyderabad","<span class=""pro-rice"">Call for Price</span>",1323 sq.ft (147 Sq. Yards),"Sharadha Nagar, Hyderabad"
147,"150 Sq. Yards Open Plots for Sale  in Shadnagar, Hyderabad","<span class=""pro-rice"">Call for Price</span>",1350 sq.ft (150 Sq. Yards),"Shadnagar, Hyderabad"
148,"120 Sq. Yards Lands  in Ibrahimpatnam, Hyderabad","<span class=""pro-rice"">Call for Price</span>",1080 sq.ft (120 Sq. Yards),"Ibrahimpatnam, Hyderabad"
149,"147 Sq. Yards Residential Plots for Sale  in Yadagirigutta, Hyderabad","<span class=""pro-rice"">Call for Price</span>",1323 sq.ft (147 Sq. Yards),"Yadagirigutta, Hyderabad"
150,"5 Acre Land for Sale  in Hayathnagar, Hyderabad","<span class=""pro-rice"">Call for Price</span>",217800 sq.ft (5 Acre),"Hayathnagar, Hyderabad"
151,"150 Sq. Yards Lands for Sale  in Rajapur, Hyderabad","<span class=""pro-rice"">Call for Price</span>",1350 sq.ft (150 Sq. Yards),Freehold
152,"1350 Sq.ft. Plots for Sale  in Shadnagar, Hyderabad","<span class=""pro-rice"">Call for Price</span>",1350 sq.ft,"Shadnagar, Hyderabad"
153,"146 Sq. Yards Open Plots for Sale  in Shadnagar, Hyderabad","<span class=""pro-rice"">Call for Price</span>",1314 sq.ft (146 Sq. Yards),"Shadnagar, Hyderabad"
154,"147 Sq. Yards Residential Plots  in Yadagirigutta, Hyderabad","<span class=""pro-rice"">Call for Price</span>",1323 sq.ft (147 Sq. Yards),Freehold
155,"147 Sq.ft. Open Plots for Sale  in Keshampet, Hyderabad","<span class=""pro-rice"">Call for Price</span>",147 sq.ft,2
156,"2 BHK 150 Sq. Yards Farm House for Sale in Chanda Nagar, Hyderabad","<span class=""pro-rice"">Call for Price</span>",1350 sq.ft (150 Sq. Yards),"Chanda Nagar, Hyderabad"
157,"200 Sq. Yards Plot for Sale  in Srisailam Highway, Hyderabad","<span class=""pro-rice"">Call for Price</span>",1800 sq.ft (200 Sq. Yards),Freehold
158,"125 Sq. Yards Open Plots for Sale  in Bibi Nagar, Hyderabad","<span class=""pro-rice"">Call for Price</span>",1125 sq.ft (125 Sq. Yards),"Bibi Nagar, Hyderabad"
159,"240 Sq. Yards Lands for Sale  in Ibrahimpatnam, Hyderabad","<span class=""pro-rice"">Call for Price</span>",2160 sq.ft (240 Sq. Yards),"Ibrahimpatnam, Hyderabad"
160,"150 Sq. Yards Residential Plots for Sale  in Yadagirigutta, Hyderabad","<span class=""pro-rice"">Call for Price</span>",1350 sq.ft (150 Sq. Yards),"Yadagirigutta, Hyderabad"
161,"1 RK 242 Sq.ft. Flats / Apartments for Sale in Ramoji Film City, Hyderabad","<span class=""pro-rice"">Call for Price</span>",242 sq.ft,1
162,"1323 Sq.ft. Open Plots for Sale  in Keshampet, Hyderabad","<span class=""pro-rice"">Call for Price</span>",1323 sq.ft,"Keshampet, Hyderabad"
163,"1323 Sq.ft. Open Plots for Sale  in Keshampet, Hyderabad","<span class=""pro-rice"">Call for Price</span>",1323 sq.ft,"Keshampet, Hyderabad"
164,"1323 Sq.ft. Plots for Sale  in Keshampet, Hyderabad","<span class=""pro-rice"">Call for Price</span>",1323 sq.ft,"Keshampet, Hyderabad"
165,"-146 Sq. Yards Land for Sale  in Yadagirigutta, Hyderabad","<span class=""pro-rice"">Call for Price</span>",-1314 sq.ft (-146 Sq. Yards),"Yadagirigutta, Hyderabad"
166,"1 RK 120 Sq.ft. Flats / Apartments for Sale in Shadnagar, Hyderabad","<span class=""pro-rice"">Call for Price</span>",120 sq.ft,1
167,"1320 Sq.ft. Plots for Sale  in Balanagar, Hyderabad","<span class=""pro-rice"">Call for Price</span>",1320 sq.ft,"Balanagar, Hyderabad"
168,1320 Sq.ft. Plot for Sale  in Hyderabad,"<span class=""pro-rice"">Call for Price</span>",1320 sq.ft,"Balangar, Hyderabad, Hyderabad"
169,"100 Sq. Yards Open Plots for Sale  in Yadagirigutta, Hyderabad","<span class=""pro-rice"">Call for Price</span>",900 sq.ft (100 Sq. Yards),"Yadagirigutta, Hyderabad"
170,"1320 Sq.ft. Plots for Sale  in Keshampet, Hyderabad","<span class=""pro-rice"">Call for Price</span>",1320 sq.ft,"Keshampet, Hyderabad"
171,"150 Sq. Yards Land for Sale  in Lingampally, Hyderabad","<span class=""pro-rice"">Call for Price</span>",1350 sq.ft (150 Sq. Yards),"Lingampally, Hyderabad"
172,"1323 Sq.ft. Plot for Sale  in Shadnagar, Hyderabad","<span class=""pro-rice"">Call for Price</span>",1323 sq.ft,"Shadnagar, Hyderabad"
173,"200 Sq. Yards Open Plots for Sale  in Shadnagar, Hyderabad","<span class=""pro-rice"">Call for Price</span>",1800 sq.ft (200 Sq. Yards),"Shadnagar, Hyderabad"
174,"147 Sq. Yards Residential Plots for Sale  in Shadnagar, Hyderabad","<span class=""pro-rice"">Call for Price</span>",1323 sq.ft (147 Sq. Yards),"Shadnagar, Hyderabad"
175,"900 Sq.ft. Land for Sale  in Keshampet, Hyderabad","<span class=""pro-rice"">Call for Price</span>",900 sq.ft,"Keshampet, Hyderabad"
176,"147 Sq. Yards Plot for Sale  in Shadnagar, Hyderabad","<span class=""pro-rice"">Call for Price</span>",1323 sq.ft (147 Sq. Yards),"Shadnagar, Hyderabad"
177,"147 Sq. Yards Land for Sale  in Keshampet, Hyderabad","<span class=""pro-rice"">Call for Price</span>",1323 sq.ft (147 Sq. Yards),"Keshampet, Hyderabad"
178,"147 Sq. Yards Lands for Sale  in Keshampet, Hyderabad","<span class=""pro-rice"">Call for Price</span>",1323 sq.ft (147 Sq. Yards),"Keshampet, Hyderabad"
179,"150 Sq. Yards Plot for Sale  in Shadnagar, Hyderabad","<span class=""pro-rice"">Call for Price</span>",1350 sq.ft (150 Sq. Yards),Freehold
180,"147 Sq. Yards Residential Plots  in Warangal Highway, Hyderabad","<span class=""pro-rice"">Call for Price</span>",1323 sq.ft (147 Sq. Yards),Freehold
181,"150 Sq. Yards Plot  in Shadnagar, Hyderabad","<span class=""pro-rice"">Call for Price</span>",1350 sq.ft (150 Sq. Yards),"Shadnagar, Hyderabad"
182,"1 RK 11089 Sq.ft. Farm House for Sale in Shadnagar, Hyderabad","<span class=""pro-rice"">Call for Price</span>",11089 sq.ft,1
183,"1 RK 1089 Sq.ft. Farm House for Sale in Shadnagar, Hyderabad","<span class=""pro-rice"">Call for Price</span>",1089 sq.ft,1
184,"1 RK 1089 Sq.ft. Farm House for Sale in Shadnagar, Hyderabad","<span class=""pro-rice"">Call for Price</span>",1089 sq.ft,1
185,"147 Sq. Yards Residential Plots for Sale  in Balanagar, Hyderabad","<span class=""pro-rice"">Call for Price</span>",1323 sq.ft (147 Sq. Yards),"Balanagar, Hyderabad"
186,"165 Sq. Yards Plot for Sale  in Ibrahimpatnam, Hyderabad","<span class=""pro-rice"">Call for Price</span>",1485 sq.ft (165 Sq. Yards),"Ibrahimpatnam, Hyderabad"
187,"1323 Sq.ft. Plots  in Keshampet, Hyderabad","<span class=""pro-rice"">Call for Price</span>",1323 sq.ft,"Keshampet, Hyderabad"
188,"720 Sq.ft. Plot for Sale  in Bhongir, Hyderabad","<span class=""pro-rice"">Call for Price</span>",720 sq.ft,Freehold
189,"200 Sq. Yards Plot for Sale  in Shadnagar, Hyderabad","<span class=""pro-rice"">Call for Price</span>",1800 sq.ft (200 Sq. Yards),"Shadnagar, Hyderabad"
190,"10000 Sq.ft. Open Plots for Sale  in Tukkuguda, Hyderabad","<span class=""pro-rice"">Call for Price</span>",10000 sq.ft,"Tukkuguda, Hyderabad"
191,"1 RK 60 Sq. Yards Independent House  for Sale in Dammaiguda, Hyderabad","<span class=""pro-rice"">Call for Price</span>",540 sq.ft (60 Sq. Yards),"Dammaiguda, Hyderabad"
192,"150 Sq. Yards Lands for Sale  in Bangalore Highway, Hyderabad","<span class=""pro-rice"">Call for Price</span>",1350 sq.ft (150 Sq. Yards),"Bangalore Highway, Hyderabad"
193,"147 Sq. Yards Plot for Sale  in Balanagar, Hyderabad","<span class=""pro-rice"">Call for Price</span>",1323 sq.ft (147 Sq. Yards),Freehold
194,"200 Sq. Yards Lands for Sale  in Kapra, Hyderabad","<span class=""pro-rice"">Call for Price</span>",1800 sq.ft (200 Sq. Yards),"Kapra, Hyderabad"
195,"121 Sq. Yards Lands for Sale  in Shadnagar, Hyderabad","<span class=""pro-rice"">Call for Price</span>",1089 sq.ft (121 Sq. Yards),"Shadnagar, Hyderabad"
196,"147 Sq. Yards Plots for Sale  in Keshampet, Hyderabad","<span class=""pro-rice"">Call for Price</span>",1323 sq.ft (147 Sq. Yards),"Keshampet, Hyderabad"
197,"121 Sq. Yards Land  in Shadnagar, Hyderabad","<span class=""pro-rice"">Call for Price</span>",1089 sq.ft (121 Sq. Yards),"Shadnagar, Hyderabad"
198,"146.66 Sq. Yards Lands for Sale  in Shadnagar, Hyderabad","<span class=""pro-rice"">Call for Price</span>",1319 sq.ft (146.66 Sq. Yards),"Shadnagar, Hyderabad"
199,"147 Sq. Yards Plots for Sale  in Shadnagar, Hyderabad","<span class=""pro-rice"">Call for Price</span>",1323 sq.ft (147 Sq. Yards),"Shadnagar, Hyderabad"
200,"146.66 Sq. Yards Plots  in Shadnagar, Hyderabad","<span class=""pro-rice"">Call for Price</span>",1319 sq.ft (146.66 Sq. Yards),"Shadnagar, Hyderabad"
201,"147 Sq. Yards Residential Plots for Sale  in Keshampet, Hyderabad","<span class=""pro-rice"">Call for Price</span>",1323 sq.ft (147 Sq. Yards),"Keshampet, Hyderabad"
202,"147 Sq. Yards Plots for Sale  in Keshampet, Hyderabad","<span class=""pro-rice"">Call for Price</span>",1323 sq.ft (147 Sq. Yards),"Keshampet, Hyderabad"
203,"200 Sq. Yards Lands  in Aleru, Hyderabad","<span class=""pro-rice"">Call for Price</span>",1800 sq.ft (200 Sq. Yards),"Aleru, Hyderabad"
204,"147 Sq. Yards Plot for Sale  in Balanagar, Hyderabad","<span class=""pro-rice"">Call for Price</span>",1323 sq.ft (147 Sq. Yards),"Balanagar, Hyderabad"
205,"146 Sq. Yards Plots for Sale  in Shadnagar, Hyderabad","<span class=""pro-rice"">Call for Price</span>",1314 sq.ft (146 Sq. Yards),"Shadnagar, Hyderabad"
206,"147 Sq. Yards Plot for Sale  in Aleru, Hyderabad","<span class=""pro-rice"">Call for Price</span>",1323 sq.ft (147 Sq. Yards),"Aleru, Hyderabad"
207,"200 Sq. Yards Open Plots for Sale  in Vangapalli, Hyderabad","<span class=""pro-rice"">Call for Price</span>",1800 sq.ft (200 Sq. Yards),"Vangapalli, Hyderabad"
208,"100 Sq. Yards Lands for Sale  in Kothur, Hyderabad","<span class=""pro-rice"">Call for Price</span>",900 sq.ft (100 Sq. Yards),"Kothur, Hyderabad"
209,"200 Sq. Yards Plots for Sale  in Yacharam Mandal, Hyderabad","<span class=""pro-rice"">Call for Price</span>",1800 sq.ft (200 Sq. Yards),"Yacharam Mandal, Hyderabad"
210,"147 Sq. Yards Plot for Sale  in Keshampet, Hyderabad","<span class=""pro-rice"">Call for Price</span>",1323 sq.ft (147 Sq. Yards),"Keshampet, Hyderabad"
211,"36 Sq. Yards Land for Sale  in Yacharam Mandal, Hyderabad","<span class=""pro-rice"">Call for Price</span>",324 sq.ft (36 Sq. Yards),"Yacharam Mandal, Hyderabad"
212,"150 Sq. Yards Residential Plots for Sale  in Yadagirigutta, Hyderabad","<span class=""pro-rice"">Call for Price</span>",1350 sq.ft (150 Sq. Yards),"Yadagirigutta, Hyderabad"
213,"167 Sq. Yards Lands for Sale  in Ibrahimpatnam, Hyderabad","<span class=""pro-rice"">Call for Price</span>",1503 sq.ft (167 Sq. Yards),"Ibrahimpatnam, Hyderabad"
214,"147 Sq. Yards Residential Plots  in Shadnagar, Hyderabad","<span class=""pro-rice"">Call for Price</span>",1323 sq.ft (147 Sq. Yards),"Shadnagar, Hyderabad"
215,"200 Sq. Yards Residential Plots  in Yadagirigutta, Hyderabad","<span class=""pro-rice"">Call for Price</span>",1800 sq.ft (200 Sq. Yards),"Yadagirigutta, Hyderabad"
216,"188 Sq. Yards Open Plots for Sale  in Hayathnagar, Hyderabad","<span class=""pro-rice"">Call for Price</span>",1692 sq.ft (188 Sq. Yards),"Hayathnagar, Hyderabad"
217,"146 Sq. Yards Land for Sale  in Shadnagar, Hyderabad","<span class=""pro-rice"">Call for Price</span>",1314 sq.ft (146 Sq. Yards),"Shadnagar, Hyderabad"
218,"150 Sq. Yards Lands for Sale  in Yadagirigutta, Hyderabad","<span class=""pro-rice"">Call for Price</span>",1350 sq.ft (150 Sq. Yards),"Yadagirigutta, Hyderabad"
219,"147 Sq. Yards Open Plots  in Shadnagar, Hyderabad","<span class=""pro-rice"">Call for Price</span>",1323 sq.ft (147 Sq. Yards),"Shadnagar, Hyderabad"
220,"100 Sq. Yards Residential Plots for Sale  in Shadnagar, Hyderabad","<span class=""pro-rice"">Call for Price</span>",900 sq.ft (100 Sq. Yards),Freehold
221,"135 Acre Plot for Sale  in Yadagirigutta, Hyderabad","<span class=""pro-rice"">Call for Price</span>",5880600 sq.ft (135 Acre),"Yadagirigutta, Hyderabad"
222,"1350 Sq.ft. Lands for Sale  in Kadthal, Hyderabad","<span class=""pro-rice"">Call for Price</span>",1350 sq.ft,"Kadthal, Hyderabad"
223,"160 Sq. Yards Plots for Sale  in Adikmet, Hyderabad","<span class=""pro-rice"">Call for Price</span>",1440 sq.ft (160 Sq. Yards),"Adikmet, Hyderabad"
224,"4 BHK 133 Sq.ft. Builder Floor for Sale in Shadnagar, Hyderabad","<span class=""pro-rice"">Call for Price</span>",133 sq.ft,4
225,"100 Sq. Yards Plots for Sale  in Manikonda, Hyderabad","<span class=""pro-rice"">Call for Price</span>",900 sq.ft (100 Sq. Yards),"Manikonda, Hyderabad"
226,"200 Sq. Yards Plots for Sale  in Adibatla, Hyderabad","<span class=""pro-rice"">Call for Price</span>",1800 sq.ft (200 Sq. Yards),"Adibatla, Hyderabad"
227,"200 Sq.ft. Land for Sale  in Bhongir, Hyderabad","<span class=""pro-rice"">Call for Price</span>",200 sq.ft,Freehold
228,"150 Sq. Yards Plot for Sale  in Shadnagar, Hyderabad","<span class=""pro-rice"">Call for Price</span>",1350 sq.ft (150 Sq. Yards),"Shadnagar, Hyderabad"
229,"9680 Sq. Yards Plot for Sale  in Banjara Hills, Hyderabad","<span class=""pro-rice"">Call for Price</span>",87120 sq.ft (9680 Sq. Yards),"Banjara Hills, Hyderabad"
230,"200 Sq. Yards Plot for Sale  in Chotuppal, Hyderabad","<span class=""pro-rice"">Call for Price</span>",1800 sq.ft (200 Sq. Yards),"Chotuppal, Hyderabad"
231,"35 Sq. Yards Lands  in Shadnagar, Hyderabad","<span class=""pro-rice"">Call for Price</span>",315 sq.ft (35 Sq. Yards),"Shadnagar, Hyderabad"
232,"150 Sq. Yards Residential Plots for Sale  in Hayathnagar, Hyderabad","<span class=""pro-rice"">Call for Price</span>",1350 sq.ft (150 Sq. Yards),Freehold
233,"150 Sq. Yards Plots  in Shadnagar, Hyderabad","<span class=""pro-rice"">Call for Price</span>",1350 sq.ft (150 Sq. Yards),"Shadnagar, Hyderabad"
234,"200 Sq. Yards Lands for Sale  in Aleru, Hyderabad","<span class=""pro-rice"">Call for Price</span>",1800 sq.ft (200 Sq. Yards),"Aleru, Hyderabad"
235,"150 Sq. Yards Lands  in Bhongir, Hyderabad","<span class=""pro-rice"">Call for Price</span>",1350 sq.ft (150 Sq. Yards),Freehold
236,"200 Sq. Yards Open Plots for Sale  in Aleru, Hyderabad","<span class=""pro-rice"">Call for Price</span>",1800 sq.ft (200 Sq. Yards),"Aleru, Hyderabad"
237,"5499 Sq. Yards Residential Plots for Sale  in Shadnagar, Hyderabad","<span class=""pro-rice"">Call for Price</span>",49491 sq.ft (5499 Sq. Yards),"Shadnagar, Hyderabad"
238,"150 Sq. Yards Residential Plots for Sale  in Shadnagar, Hyderabad","<span class=""pro-rice"">Call for Price</span>",1350 sq.ft (150 Sq. Yards),"Shadnagar, Hyderabad"
239,"147 Sq. Yards Residential Plots  in Keshampet, Hyderabad","<span class=""pro-rice"">Call for Price</span>",1323 sq.ft (147 Sq. Yards),"Keshampet, Hyderabad"
240,"278 Sq. Yards Plots for Sale  in Malkajgiri, Hyderabad","<span class=""pro-rice"">Call for Price</span>",2502 sq.ft (278 Sq. Yards),"Malkajgiri, Hyderabad"
241,"150 Sq.ft. Plot for Sale  in Warangal Highway, Hyderabad","<span class=""pro-rice"">Call for Price</span>",150 sq.ft,Freehold
242,"200 Sq. Yards Residential Plots  in Nagarjuna Nagar, Tarnaka, Hyderabad","<span class=""pro-rice"">Call for Price</span>",1800 sq.ft (200 Sq. Yards),"Nagarjuna Nagar, Tarnaka, Hyderabad"
243,"147 Sq. Yards Residential Plots for Sale  in Shadnagar, Hyderabad","<span class=""pro-rice"">Call for Price</span>",1323 sq.ft (147 Sq. Yards),Freehold
244,"1179 Sq.ft. Land for Sale  in JP Darga, Kothur, Hyderabad","<span class=""pro-rice"">Call for Price</span>",1179 sq.ft,Freehold
245,"165 Sq. Yards Land  in Adikmet, Hyderabad","<span class=""pro-rice"">Call for Price</span>",1485 sq.ft (165 Sq. Yards),East Face
246,"146 Sq. Yards Open Plots  in Shadnagar, Hyderabad","<span class=""pro-rice"">Call for Price</span>",1314 sq.ft (146 Sq. Yards),"Shadnagar, Hyderabad"
247,"147 Sq. Yards Residential Plots  in Vangapalli, Hyderabad","<span class=""pro-rice"">Call for Price</span>",1323 sq.ft (147 Sq. Yards),Freehold
248,"200 Sq.ft. Land  in Vijayawada Highway, Hyderabad","<span class=""pro-rice"">Call for Price</span>",200 sq.ft,"Vijayawada Highway, Hyderabad"
249,"3 BHK 1650 Sq.ft. Flats / Apartments for Sale in Kollur, Hyderabad","<span class=""pro-rice"">Call for Price</span>",1650 sq.ft,3
250,"147 Sq.ft. Plots for Sale  in Shadnagar, Hyderabad","<span class=""pro-rice"">Call for Price</span>",147 sq.ft,Freehold
251,"150 Sq.ft. Plots  in Shadnagar, Hyderabad","<span class=""pro-rice"">Call for Price</span>",150 sq.ft,Freehold
252,"146 Sq. Yards Residential Plots for Sale  in Adikmet, Hyderabad","<span class=""pro-rice"">Call for Price</span>",1314 sq.ft (146 Sq. Yards),"Adikmet, Hyderabad"
253,"200 Sq. Yards Plot for Sale  in Adikmet, Hyderabad","<span class=""pro-rice"">Call for Price</span>",1800 sq.ft (200 Sq. Yards),Freehold
254,"242 Sq. Yards Land  in Adikmet, Hyderabad","<span class=""pro-rice"">Call for Price</span>",2178 sq.ft (242 Sq. Yards),Freehold
255,"2 BHK 1165 Sq.ft. Flats / Apartments for Sale in Adikmet, Hyderabad","<span class=""pro-rice"">Call for Price</span>",1165 sq.ft,2
256,"147 Sq. Yards Residential Plots for Sale  in Adikmet, Hyderabad","<span class=""pro-rice"">Call for Price</span>",1323 sq.ft (147 Sq. Yards),"Adikmet, Hyderabad"
257,146 Sq.ft. Residential Plots for Sale  in Hyderabad,"<span class=""pro-rice"">Call for Price</span>",146 sq.ft,Freehold
258,"160 Sq. Yards Plot  in Adikmet, Hyderabad","<span class=""pro-rice"">Call for Price</span>",1440 sq.ft (160 Sq. Yards),"Adikmet, Hyderabad"
259,"146 Sq. Yards Residential Plots for Sale  in Adikmet, Hyderabad","<span class=""pro-rice"">Call for Price</span>",1314 sq.ft (146 Sq. Yards),"Adikmet, Hyderabad"
260,"146.6 Sq. Yards Land for Sale  in Shadnagar, Hyderabad","<span class=""pro-rice"">Call for Price</span>",1319 sq.ft (146.6 Sq. Yards),"Shadnagar, Hyderabad"
261,"120 Sq. Yards Land for Sale  in Adikmet, Hyderabad","<span class=""pro-rice"">Call for Price</span>",1080 sq.ft (120 Sq. Yards),Freehold
262,"147 Sq. Yards Plot for Sale  in Keshampet, Hyderabad","<span class=""pro-rice"">Call for Price</span>",1323 sq.ft (147 Sq. Yards),"Keshampet, Hyderabad"
263,"150 Sq.ft. Residential Plots for Sale  in Shadnagar, Hyderabad","<span class=""pro-rice"">Call for Price</span>",150 sq.ft,2
264,"146 Sq. Yards Land  in Shadnagar, Hyderabad","<span class=""pro-rice"">Call for Price</span>",1314 sq.ft (146 Sq. Yards),"Shadnagar, Hyderabad"
265,"147 Sq. Yards Plot for Sale  in Adikmet, Hyderabad","<span class=""pro-rice"">Call for Price</span>",1323 sq.ft (147 Sq. Yards),"Adikmet, Hyderabad"
266,"150 Sq. Yards Residential Plots for Sale  in Adikmet, Hyderabad","<span class=""pro-rice"">Call for Price</span>",1350 sq.ft (150 Sq. Yards),Freehold
267,"146 Sq. Yards Plots for Sale  in Adikmet, Hyderabad","<span class=""pro-rice"">Call for Price</span>",1314 sq.ft (146 Sq. Yards),"Adikmet, Hyderabad"
268,"150 Sq. Yards Lands  in Adikmet, Hyderabad","<span class=""pro-rice"">Call for Price</span>",1350 sq.ft (150 Sq. Yards),"Adikmet, Hyderabad"
269,"151 Sq. Yards Plots for Sale  in Adikmet, Hyderabad","<span class=""pro-rice"">Call for Price</span>",1359 sq.ft (151 Sq. Yards),Freehold
270,"100 Sq. Yards Plot for Sale  in Adikmet, Hyderabad","<span class=""pro-rice"">Call for Price</span>",900 sq.ft (100 Sq. Yards),"Adikmet, Hyderabad"
271,"147 Sq. Yards Open Plots for Sale  in Adikmet, Hyderabad","<span class=""pro-rice"">Call for Price</span>",1323 sq.ft (147 Sq. Yards),"Adikmet, Hyderabad"
272,"150 Sq. Yards Residential Plots for Sale  in Adikmet, Hyderabad","<span class=""pro-rice"">Call for Price</span>",1350 sq.ft (150 Sq. Yards),Freehold
273,"150 Sq. Yards Plots for Sale  in Adikmet, Hyderabad","<span class=""pro-rice"">Call for Price</span>",1350 sq.ft (150 Sq. Yards),"Adikmet, Hyderabad"
274,"147 Sq. Yards Open Plots for Sale  in Adikmet, Hyderabad","<span class=""pro-rice"">Call for Price</span>",1323 sq.ft (147 Sq. Yards),"Adikmet, Hyderabad"
275,"150 Sq. Yards Plots for Sale  in Adikmet, Hyderabad","<span class=""pro-rice"">Call for Price</span>",1350 sq.ft (150 Sq. Yards),"Adikmet, Hyderabad"
276,"150 Sq. Yards Plots for Sale  in Adikmet, Hyderabad","<span class=""pro-rice"">Call for Price</span>",1350 sq.ft (150 Sq. Yards),"Adikmet, Hyderabad"
277,"150 Sq. Yards Plot  in Adikmet, Hyderabad","<span class=""pro-rice"">Call for Price</span>",1350 sq.ft (150 Sq. Yards),Freehold
278,"303 Sq. Yards Plots for Sale  in Adikmet, Hyderabad","<span class=""pro-rice"">Call for Price</span>",2727 sq.ft (303 Sq. Yards),Freehold
279,"1 RK 200 Sq.ft. Independent House  for Sale in Adikmet, Hyderabad","<span class=""pro-rice"">Call for Price</span>",200 sq.ft,Freehold
280,"147 Sq. Yards Land for Sale  in Adikmet, Hyderabad","<span class=""pro-rice"">Call for Price</span>",1323 sq.ft (147 Sq. Yards),"Adikmet, Hyderabad"
281,"200 Sq. Yards Open Plots for Sale  in Adikmet, Hyderabad","<span class=""pro-rice"">Call for Price</span>",1800 sq.ft (200 Sq. Yards),Freehold
282,"146 Sq. Yards Open Plots  in Adikmet, Hyderabad","<span class=""pro-rice"">Call for Price</span>",1314 sq.ft (146 Sq. Yards),"Adikmet, Hyderabad"
283,"147 Sq. Yards Residential Plots for Sale  in Adikmet, Hyderabad","<span class=""pro-rice"">Call for Price</span>",1323 sq.ft (147 Sq. Yards),"Adikmet, Hyderabad"
284,"100 Sq. Yards Residential Plots  in Adikmet, Hyderabad","<span class=""pro-rice"">Call for Price</span>",900 sq.ft (100 Sq. Yards),Freehold
285,"149 Sq. Yards Open Plots for Sale  in Adikmet, Hyderabad","<span class=""pro-rice"">Call for Price</span>",1341 sq.ft (149 Sq. Yards),Freehold
286,"146 Sq. Yards Plot  in Adikmet, Hyderabad","<span class=""pro-rice"">Call for Price</span>",1314 sq.ft (146 Sq. Yards),Freehold
287,"1 RK 19000 Sq. Yards Flats / Apartments for Sale in Adikmet, Hyderabad","<span class=""pro-rice"">Call for Price</span>",171000 sq.ft (19000 Sq. Yards),Freehold
288,"400 Sq. Yards Lands  in Adikmet, Hyderabad","<span class=""pro-rice"">Call for Price</span>",3600 sq.ft (400 Sq. Yards),"Adikmet, Hyderabad"
289,"242 Sq. Yards Lands for Sale  in Adikmet, Hyderabad","<span class=""pro-rice"">Call for Price</span>",2178 sq.ft (242 Sq. Yards),Freehold
290,"147 Sq. Yards Land for Sale  in Adikmet, Hyderabad","<span class=""pro-rice"">Call for Price</span>",1323 sq.ft (147 Sq. Yards),Freehold
291,"150 Sq. Yards Open Plots for Sale  in Adikmet, Hyderabad","<span class=""pro-rice"">Call for Price</span>",1350 sq.ft (150 Sq. Yards),"Adikmet, Hyderabad"
292,"120 Sq. Yards Plot  in Adikmet, Hyderabad","<span class=""pro-rice"">Call for Price</span>",1080 sq.ft (120 Sq. Yards),Freehold
293,"100 Sq. Yards Land for Sale  in Adikmet, Hyderabad","<span class=""pro-rice"">Call for Price</span>",900 sq.ft (100 Sq. Yards),"Adikmet, Hyderabad"
294,"200 Sq. Yards Land for Sale  in Adikmet, Hyderabad","<span class=""pro-rice"">Call for Price</span>",1800 sq.ft (200 Sq. Yards),2
295,"200 Sq. Yards Plots for Sale  in Adikmet, Hyderabad","<span class=""pro-rice"">Call for Price</span>",1800 sq.ft (200 Sq. Yards),"Adikmet, Hyderabad"
296,"150 Sq. Yards Land for Sale  in Adikmet, Hyderabad","<span class=""pro-rice"">Call for Price</span>",1350 sq.ft (150 Sq. Yards),2
297,"147 Sq. Yards Land for Sale  in Adikmet, Hyderabad","<span class=""pro-rice"">Call for Price</span>",1323 sq.ft (147 Sq. Yards),"Adikmet, Hyderabad"
298,"1800 Sq.ft. Lands  in Adikmet, Hyderabad","<span class=""pro-rice"">Call for Price</span>",1800 sq.ft,"Adikmet, Hyderabad"
299,"1320 Sq.ft. Open Plots for Sale  in Adikmet, Hyderabad","<span class=""pro-rice"">Call for Price</span>",1320 sq.ft,Freehold
300,"300 Sq. Yards Open Plots for Sale  in Adikmet, Hyderabad","<span class=""pro-rice"">Call for Price</span>",2700 sq.ft (300 Sq. Yards),"Adikmet, Hyderabad"
301,"146 Sq. Yards Residential Plots  in Adikmet, Hyderabad","<span class=""pro-rice"">Call for Price</span>",1314 sq.ft (146 Sq. Yards),"Adikmet, Hyderabad"
302,"150 Sq. Yards Land for Sale  in Adikmet, Hyderabad","<span class=""pro-rice"">Call for Price</span>",1350 sq.ft (150 Sq. Yards),"Adikmet, Hyderabad"
303,"150 Sq. Yards Lands  in Adikmet, Hyderabad","<span class=""pro-rice"">Call for Price</span>",1350 sq.ft (150 Sq. Yards),"Adikmet, Hyderabad"
304,"140 Sq. Yards Lands for Sale  in Adikmet, Hyderabad","<span class=""pro-rice"">Call for Price</span>",1260 sq.ft (140 Sq. Yards),Freehold
305,"100 Sq. Yards Lands for Sale  in Adikmet, Hyderabad","<span class=""pro-rice"">Call for Price</span>",900 sq.ft (100 Sq. Yards),Freehold
306,"350 Acre Plot  in Adikmet, Hyderabad","<span class=""pro-rice"">Call for Price</span>",15246000 sq.ft (350 Acre),"Adikmet, Hyderabad"
307,"200 Guntha Open Plots for Sale  in Adikmet, Hyderabad","<span class=""pro-rice"">Call for Price</span>",217798 sq.ft (200 Guntha),"Adikmet, Hyderabad"
308,"150 Sq. Yards Open Plots  in Adikmet, Hyderabad","<span class=""pro-rice"">Call for Price</span>",1350 sq.ft (150 Sq. Yards),2
309,"150 Sq. Yards Land  in Adikmet, Hyderabad","<span class=""pro-rice"">Call for Price</span>",1350 sq.ft (150 Sq. Yards),Freehold
310,"183 Sq. Yards Open Plots for Sale  in Adikmet, Hyderabad","<span class=""pro-rice"">Call for Price</span>",1647 sq.ft (183 Sq. Yards),Freehold
311,"120 Sq. Yards Lands for Sale  in Adikmet, Hyderabad","<span class=""pro-rice"">Call for Price</span>",1080 sq.ft (120 Sq. Yards),Freehold
312,"200 Sq. Yards Land for Sale  in Adikmet, Hyderabad","<span class=""pro-rice"">Call for Price</span>",1800 sq.ft (200 Sq. Yards),"Adikmet, Hyderabad"
313,"165 Sq. Yards Plot for Sale  in Adikmet, Hyderabad","<span class=""pro-rice"">Call for Price</span>",1485 sq.ft (165 Sq. Yards),Freehold
314,"165 Sq. Yards Land  in Adikmet, Hyderabad","<span class=""pro-rice"">Call for Price</span>",1485 sq.ft (165 Sq. Yards),Freehold
315,"150 Sq. Yards Residential Plots for Sale  in Adikmet, Hyderabad","<span class=""pro-rice"">Call for Price</span>",1350 sq.ft (150 Sq. Yards),Freehold
316,"200 Sq. Yards Plot for Sale  in Adikmet, Hyderabad","<span class=""pro-rice"">Call for Price</span>",1800 sq.ft (200 Sq. Yards),"Adikmet, Hyderabad"
317,"200 Sq. Yards Land  in Adikmet, Hyderabad","<span class=""pro-rice"">Call for Price</span>",1800 sq.ft (200 Sq. Yards),"Adikmet, Hyderabad"
318,"300 Sq. Yards Open Plots for Sale  in Adikmet, Hyderabad","<span class=""pro-rice"">Call for Price</span>",2700 sq.ft (300 Sq. Yards),"Adikmet, Hyderabad"
319,"240 Sq. Yards Lands for Sale  in Adikmet, Hyderabad","<span class=""pro-rice"">Call for Price</span>",2160 sq.ft (240 Sq. Yards),"Adikmet, Hyderabad"
320,"150 Sq. Yards Plot for Sale  in Adikmet, Hyderabad","<span class=""pro-rice"">Call for Price</span>",1350 sq.ft (150 Sq. Yards),"Adikmet, Hyderabad"
321,"146.66 Sq. Yards Residential Plots for Sale  in Adikmet, Hyderabad","<span class=""pro-rice"">Call for Price</span>",1320 sq.ft (146.66 Sq. Yards),"Adikmet, Hyderabad"
322,"146.66 Sq. Yards Plot for Sale  in Adikmet, Hyderabad","<span class=""pro-rice"">Call for Price</span>",1320 sq.ft (146.66 Sq. Yards),"Adikmet, Hyderabad"
323,"147 Sq. Yards Plot for Sale  in Adikmet, Hyderabad","<span class=""pro-rice"">Call for Price</span>",1323 sq.ft (147 Sq. Yards),"Adikmet, Hyderabad"
324,"167 Sq. Yards Plots for Sale  in Adikmet, Hyderabad","<span class=""pro-rice"">Call for Price</span>",1503 sq.ft (167 Sq. Yards),Freehold
325,"147 Sq. Yards Land  in Adikmet, Hyderabad","<span class=""pro-rice"">Call for Price</span>",1323 sq.ft (147 Sq. Yards),"Adikmet, Hyderabad"
326,"150 Sq. Yards Land  in Adikmet, Hyderabad","<span class=""pro-rice"">Call for Price</span>",1350 sq.ft (150 Sq. Yards),Freehold
327,"165 Sq. Yards Plots  in Adikmet, Hyderabad","<span class=""pro-rice"">Call for Price</span>",1485 sq.ft (165 Sq. Yards),"Adikmet, Hyderabad"
328,"190 Sq. Yards Plot for Sale  in Adikmet, Hyderabad","<span class=""pro-rice"">Call for Price</span>",1710 sq.ft (190 Sq. Yards),"Adikmet, Hyderabad"
329,"1470 Sq.ft. Land for Sale  in Adikmet, Hyderabad","<span class=""pro-rice"">Call for Price</span>",1470 sq.ft,Freehold
330,"0147 Sq. Yards Residential Plots  in Adikmet, Hyderabad","<span class=""pro-rice"">Call for Price</span>",1323 sq.ft (0147 Sq. Yards),Freehold
331,"165 Sq. Yards Lands for Sale  in Adikmet, Hyderabad","<span class=""pro-rice"">Call for Price</span>",1485 sq.ft (165 Sq. Yards),"Adikmet, Hyderabad"
332,"2 BHK 960 Sq.ft. Independent House  for Sale in Adikmet, Hyderabad","<span class=""pro-rice"">Call for Price</span>",960 sq.ft,3
333,"165 Sq. Yards Plot for Sale  in Adikmet, Hyderabad","<span class=""pro-rice"">Call for Price</span>",1485 sq.ft (165 Sq. Yards),"Adikmet, Hyderabad"
334,"1200 Sq.ft. Land for Sale  in Adikmet, Hyderabad","<span class=""pro-rice"">Call for Price</span>",1200 sq.ft,"Adikmet, Hyderabad"
335,"150 Sq. Yards Open Plots for Sale  in Adikmet, Hyderabad","<span class=""pro-rice"">Call for Price</span>",1350 sq.ft (150 Sq. Yards),"Adikmet, Hyderabad"
336,"146 Sq. Yards Plot for Sale  in Adikmet, Hyderabad","<span class=""pro-rice"">Call for Price</span>",1314 sq.ft (146 Sq. Yards),"Adikmet, Hyderabad"
337,"147 Sq. Yards Land for Sale  in Adikmet, Hyderabad","<span class=""pro-rice"">Call for Price</span>",1323 sq.ft (147 Sq. Yards),"Adikmet, Hyderabad"
338,"1200 Sq.ft. Residential Plots  in Adikmet, Hyderabad","<span class=""pro-rice"">Call for Price</span>",1200 sq.ft,"Adikmet, Hyderabad"
339,"500 Sq. Yards Lands for Sale  in Adikmet, Hyderabad","<span class=""pro-rice"">Call for Price</span>",4500 sq.ft (500 Sq. Yards),"Adikmet, Hyderabad"
340,"120 Sq. Yards Residential Plots for Sale  in Adikmet, Hyderabad","<span class=""pro-rice"">Call for Price</span>",1080 sq.ft (120 Sq. Yards),"Adikmet, Hyderabad"
341,"1323 Sq.ft. Land for Sale  in Adikmet, Hyderabad","<span class=""pro-rice"">Call for Price</span>",1323 sq.ft,"Adikmet, Hyderabad"
342,"200 Sq. Yards Lands for Sale  in Adikmet, Hyderabad","<span class=""pro-rice"">Call for Price</span>",1800 sq.ft (200 Sq. Yards),"Adikmet, Hyderabad"
343,"100 Sq. Yards Lands for Sale  in Adikmet, Hyderabad","<span class=""pro-rice"">Call for Price</span>",900 sq.ft (100 Sq. Yards),"Adikmet, Hyderabad"
344,"165 Sq. Yards Lands for Sale  in Adikmet, Hyderabad","<span class=""pro-rice"">Call for Price</span>",1485 sq.ft (165 Sq. Yards),"Adikmet, Hyderabad"
345,"150 Sq. Yards Plots for Sale  in Adikmet, Hyderabad","<span class=""pro-rice"">Call for Price</span>",1350 sq.ft (150 Sq. Yards),"Adikmet, Hyderabad"
346,"150 Sq. Yards Plot for Sale  in Adikmet, Hyderabad","<span class=""pro-rice"">Call for Price</span>",1350 sq.ft (150 Sq. Yards),"Adikmet, Hyderabad"
347,"147 Sq. Yards Residential Plots for Sale  in Adikmet, Hyderabad","<span class=""pro-rice"">Call for Price</span>",1323 sq.ft (147 Sq. Yards),"Adikmet, Hyderabad"
348,"165 Sq. Yards Plot for Sale  in Adikmet, Hyderabad","<span class=""pro-rice"">Call for Price</span>",1485 sq.ft (165 Sq. Yards),"Adikmet, Hyderabad"
349,"150 Sq. Yards Residential Plots  in Adikmet, Hyderabad","<span class=""pro-rice"">Call for Price</span>",1350 sq.ft (150 Sq. Yards),"Adikmet, Hyderabad"
350,"120 Sq. Yards Lands for Sale  in Adikmet, Hyderabad","<span class=""pro-rice"">Call for Price</span>",1080 sq.ft (120 Sq. Yards),"Adikmet, Hyderabad"
351,"200 Sq. Yards Land for Sale  in Adikmet, Hyderabad","<span class=""pro-rice"">Call for Price</span>",1800 sq.ft (200 Sq. Yards),Freehold
352,"200 Sq. Yards Residential Plots for Sale  in Adikmet, Hyderabad","<span class=""pro-rice"">Call for Price</span>",1800 sq.ft (200 Sq. Yards),"Adikmet, Hyderabad"
353,"146.66 Sq. Yards Plot for Sale  in Adikmet, Hyderabad","<span class=""pro-rice"">Call for Price</span>",1320 sq.ft (146.66 Sq. Yards),"Adikmet, Hyderabad"
354,"146.66 Sq. Yards Lands for Sale  in Adikmet, Hyderabad","<span class=""pro-rice"">Call for Price</span>",1320 sq.ft (146.66 Sq. Yards),"Adikmet, Hyderabad"
355,"146.66 Sq. Yards Residential Plots for Sale  in Adikmet, Hyderabad","<span class=""pro-rice"">Call for Price</span>",1320 sq.ft (146.66 Sq. Yards),Freehold
356,"200 Sq. Yards Open Plots for Sale  in Adikmet, Hyderabad","<span class=""pro-rice"">Call for Price</span>",1800 sq.ft (200 Sq. Yards),East Face
357,"200 Sq. Yards Plot for Sale  in Adikmet, Hyderabad","<span class=""pro-rice"">Call for Price</span>",1800 sq.ft (200 Sq. Yards),Freehold
358,"150 Sq. Yards Open Plots for Sale  in Adikmet, Hyderabad","<span class=""pro-rice"">Call for Price</span>",1350 sq.ft (150 Sq. Yards),"Adikmet, Hyderabad"
359,"202 Sq. Yards Land for Sale  in Adikmet, Hyderabad","<span class=""pro-rice"">Call for Price</span>",1818 sq.ft (202 Sq. Yards),"Adikmet, Hyderabad"
360,"1800 Sq.ft. Plots for Sale  in Adikmet, Hyderabad","<span class=""pro-rice"">Call for Price</span>",1800 sq.ft,"Adikmet, Hyderabad"
361,"2 Guntha Plots for Sale  in Adikmet, Hyderabad","<span class=""pro-rice"">Call for Price</span>",2178 sq.ft (2 Guntha),"Adikmet, Hyderabad"
362,"150 Sq. Yards Residential Plots for Sale  in Adikmet, Hyderabad","<span class=""pro-rice"">Call for Price</span>",1350 sq.ft (150 Sq. Yards),"Adikmet, Hyderabad"
363,"200 Sq. Yards Plots  in Adikmet, Hyderabad","<span class=""pro-rice"">Call for Price</span>",1800 sq.ft (200 Sq. Yards),"Adikmet, Hyderabad"
364,"147 Sq. Yards Residential Plots for Sale  in Adikmet, Hyderabad","<span class=""pro-rice"">Call for Price</span>",1323 sq.ft (147 Sq. Yards),"Adikmet, Hyderabad"
365,"200 Sq. Yards Land for Sale  in Adikmet, Hyderabad","<span class=""pro-rice"">Call for Price</span>",1800 sq.ft (200 Sq. Yards),"Adikmet, Hyderabad"
366,"200 Sq. Yards Lands for Sale  in Adikmet, Hyderabad","<span class=""pro-rice"">Call for Price</span>",1800 sq.ft (200 Sq. Yards),Unfurnished
367,"1818 Sq.ft. Residential Plots for Sale  in Adikmet, Hyderabad","<span class=""pro-rice"">Call for Price</span>",1818 sq.ft,"Adikmet, Hyderabad"
368,"200 Sq. Yards Plots for Sale  in Adikmet, Hyderabad","<span class=""pro-rice"">Call for Price</span>",1800 sq.ft (200 Sq. Yards),"Adikmet, Hyderabad"
369,"605 Sq. Yards Lands for Sale  in Adikmet, Hyderabad","<span class=""pro-rice"">Call for Price</span>",5445 sq.ft (605 Sq. Yards),"Adikmet, Hyderabad"
370,"165 Sq. Yards Land  in Adikmet, Hyderabad","<span class=""pro-rice"">Call for Price</span>",1485 sq.ft (165 Sq. Yards),"Adikmet, Hyderabad"
371,"165 Sq. Yards Plot for Sale  in Adikmet, Hyderabad","<span class=""pro-rice"">Call for Price</span>",1485 sq.ft (165 Sq. Yards),Freehold
372,"5 Acre Plots for Sale  in Adikmet, Hyderabad","<span class=""pro-rice"">Call for Price</span>",217800 sq.ft (5 Acre),"Adikmet, Hyderabad"
373,"200 Sq. Yards Open Plots for Sale  in Adikmet, Hyderabad","<span class=""pro-rice"">Call for Price</span>",1800 sq.ft (200 Sq. Yards),Unfurnished
